{
  "mean_ms": 13.976233005523682,
  "std_ms": 7.315850751476177,
  "min_ms": 0.0,
  "max_ms": 32.12547302246094,
  "median_ms": 15.761733055114746,
  "fps": 71.55003781095954,
  "device": "cuda:0"
}